<?xml version="1.0" encoding="UTF-8"?>
<payment-settings xmlns="http://www.demandware.com/xml/impex/paymentsettings/2009-09-15">
    <payment-method method-id="JPMC_ORBITAL_CC_METHOD">
        <name xml:lang="x-default">Pay with Credit Card</name>
        <enabled-flag>true</enabled-flag>
        <processor-id>JPMC_ORBITAL_CARD</processor-id>
    </payment-method>

    <payment-method method-id="JPMC_ORBITAL_PROFILE_METHOD">
        <name xml:lang="x-default">Pay with Saved Instruments</name>
        <enabled-flag>true</enabled-flag>
        <processor-id>JPMC_ORBITAL_PROFILE</processor-id>
    </payment-method>

    <payment-method method-id="JPMC_ORBITAL_EUDIRECTDEBIT_METHOD">
        <name xml:lang="x-default">Pay with European Direct Debit</name>
        <enabled-flag>true</enabled-flag>
        <processor-id>JPMC_ORBITAL_EUDIRECTDEBIT</processor-id>
        <currencies>
            <currency>EUR</currency>
            <currency>GBP</currency>
        </currencies>
    </payment-method>

    <payment-method method-id="JPMC_ORBITAL_GOOGLEPAY_METHOD">
        <name xml:lang="x-default">Pay with Google Pay</name>
        <enabled-flag>true</enabled-flag>
        <processor-id>JPMC_ORBITAL_GOOGLE_PAY</processor-id>
    </payment-method>

    <payment-method method-id="VISA_CHECKOUT">
        <name xml:lang="x-default">Pay with Visa Checkout</name>
        <enabled-flag>true</enabled-flag>
        <processor-id>JPMC_ORBITAL_VISA_CHECKOUT</processor-id>
    </payment-method>

    <payment-method method-id="JPMC_ORBITAL_APPLEPAY_METHOD">
        <name xml:lang="x-default">Pay with Apple Pay</name>
        <enabled-flag>true</enabled-flag>
        <processor-id>JPMC_ORBITAL_APPLE_PAY</processor-id>
    </payment-method>

    <payment-method method-id="JPMC_ORBITAL_ELECTRONIC_CHECK_METHOD">
        <name xml:lang="x-default">Pay with Electronic Check</name>
        <enabled-flag>true</enabled-flag>
        <processor-id>JPMC_ORBITAL_ELECTRONIC_CHECK</processor-id>
    </payment-method>
    <payment-method method-id="JPMC_ORBITAL_PROFILE_METHOD_GOOGLE_PAY">
        <name xml:lang="x-default"></name>
        <enabled-flag>true</enabled-flag>
        <processor-id>JPMC_ORBITAL_PROFILE</processor-id>
    </payment-method>
        <payment-method method-id="JPMC_ORBITAL_PROFILE_METHOD_APPLE_PAY">
        <name xml:lang="x-default"></name>
        <enabled-flag>true</enabled-flag>
        <processor-id>JPMC_ORBITAL_PROFILE</processor-id>
    </payment-method>
    <payment-method method-id="JPMC_ORBITAL_PROFILE_METHOD_ELECTRONIC_CHECK">
        <name xml:lang="x-default"></name>
        <enabled-flag>true</enabled-flag>
        <processor-id>JPMC_ORBITAL_PROFILE</processor-id>
    </payment-method>
    <payment-method method-id="JPMC_ORBITAL_PROFILE_METHOD_CARD">
        <name xml:lang="x-default"></name>
        <enabled-flag>true</enabled-flag>
        <processor-id>JPMC_ORBITAL_PROFILE</processor-id>
    </payment-method>

    <payment-card card-type="International Maestro">
        <name xml:lang="x-default">International Maestro</name>
        <enabled-flag>true</enabled-flag>
        <card-number-settings>
            <enable-checksum-verification>true</enable-checksum-verification>
            <number-length/>
            <number-prefix/>
        </card-number-settings>
        <security-code-length>0</security-code-length>
    </payment-card>
    <payment-card card-type="Japan Credit Bureau">
        <name xml:lang="x-default">Japan Credit Bureau</name>
        <enabled-flag>true</enabled-flag>
        <card-number-settings>
            <enable-checksum-verification>true</enable-checksum-verification>
            <number-length/>
            <number-prefix/>
        </card-number-settings>
        <security-code-length>0</security-code-length>
    </payment-card>
</payment-settings>
