<?xml version="1.0" encoding="UTF-8"?>
<payment-processors
    xmlns="http://www.demandware.com/xml/impex/paymentprocessor/2007-03-31">
    <payment-processor processor-id="JPMC_ORBITAL_CARD">
        <description>JPMC Orbital Card</description>
        <preferences>
            <all-instances/>
            <development/>
            <staging/>
            <production/>
        </preferences>
    </payment-processor>
    <payment-processor processor-id="JPMC_ORBITAL_PROFILE">
        <description>JPMC Orbital Profile</description>
        <preferences>
            <all-instances/>
            <development/>
            <staging/>
            <production/>
        </preferences>
    </payment-processor>
    <payment-processor processor-id="JPMC_ORBITAL_EUDIRECT_DEBIT">
		<description>JPMC Orbital European Direct Debit</description>
		<preferences>
			<all-instances/>
			<development/>
			<staging/>
			<production/>
		</preferences>
	</payment-processor>
	<payment-processor processor-id="JPMC_ORBITAL_VISA_CHECKOUT">
		<description>JPMC Orbital Visa Checkout</description>
		<preferences>
			<all-instances/>
			<development/>
			<staging/>
			<production/>
		</preferences>
	</payment-processor>
	<payment-processor processor-id="JPMC_ORBITAL_GOOGLE_PAY">
        <description>Google Pay</description>
        <preferences>
            <all-instances/>
            <development/>
            <staging/>
            <production/>
        </preferences>
    </payment-processor>
    	<payment-processor processor-id="JPMC_ORBITAL_APPLE_PAY">
        <description>Apple Pay</description>
        <preferences>
            <all-instances/>
            <development/>
            <staging/>
            <production/>
        </preferences>
    </payment-processor>
    <payment-processor processor-id="JPMC_ORBITAL_ELECTRONIC_CHECK">
        <description>JPMC Orbital Electronic Check</description>
        <preferences>
            <all-instances/>
            <development/>
            <staging/>
            <production/>
        </preferences>
    </payment-processor>
</payment-processors>
