<?xml version="1.0" encoding="UTF-8"?>
<slot-configurations xmlns="http://www.demandware.com/xml/impex/slot/2008-09-08">

    <slot-configuration slot-id="disclaimer-incremental-authorization" context="global" configuration-id="incremental-auth-disclaimer" default="true" assigned-to-site="false">
        <template>slots/content/contentAssetBody.isml</template>
        <enabled-flag>true</enabled-flag>
        <content>
            <content-assets>
                <content-asset content-id="incremental-auth-disclaimer"/>
            </content-assets>
        </content>
    </slot-configuration>

</slot-configurations>
