<?xml version="1.0" encoding="UTF-8"?>
<metadata xmlns="http://www.demandware.com/xml/impex/metadata/2006-10-31">
    <type-extension type-id="PaymentTransaction">
        <custom-attribute-definitions>
         <attribute-definition attribute-id="jpmcpg__ecpCheckDDA">
                <display-name xml:lang="x-default">DDA Account Number</display-name>
                <description xml:lang="x-default">DDA Account Number</description>
                <type>text</type>
                <mandatory-flag>false</mandatory-flag>
                <externally-managed-flag>false</externally-managed-flag>
            </attribute-definition>
            <attribute-definition attribute-id="jpmcpg__ecpCheckRT">
                <display-name xml:lang="x-default">Bank Routing and Transit Number</display-name>
                <description xml:lang="x-default">Bank Routing and Transit Number</description>
                <type>text</type>
                <mandatory-flag>false</mandatory-flag>
                <externally-managed-flag>false</externally-managed-flag>
            </attribute-definition>
            <attribute-definition attribute-id="jpmcOPaymentActiveProfile">
                <display-name xml:lang="x-default">JPMC Orbital Payment Active Profile</display-name>
                <description xml:lang="x-default">JPMC Orbital Payment Active Profile</description>
                <type>text</type>
                <mandatory-flag>false</mandatory-flag>
                <externally-managed-flag>false</externally-managed-flag>
            </attribute-definition>
            <attribute-definition attribute-id="jpmcOPaymentCapturedAmount">
                <display-name xml:lang="x-default">JPMC Orbital Payment Captured Amount</display-name>
                <description xml:lang="x-default">JPMC Orbital Payment Captured Amount</description>
                <type>double</type>
                <mandatory-flag>false</mandatory-flag>
                <externally-managed-flag>false</externally-managed-flag>
            </attribute-definition>
            <attribute-definition attribute-id="jpmcOPaymentIncrementedAmount">
                <display-name xml:lang="x-default">JPMC Orbital Payment Incremented Amount</display-name>
                <description xml:lang="x-default">JPMC Orbital Payment Incremented Amount</description>
                <type>double</type>
                <mandatory-flag>false</mandatory-flag>
                <externally-managed-flag>false</externally-managed-flag>
            </attribute-definition>
            <attribute-definition attribute-id="jpmcOPaymentRefundedAmount">
                <display-name xml:lang="x-default">JPMC Orbital Payment Refunded Amount</display-name>
                <description xml:lang="x-default">JPMC Orbital Payment Refunded Amount</description>
                <type>double</type>
                <mandatory-flag>false</mandatory-flag>
                <externally-managed-flag>false</externally-managed-flag>
            </attribute-definition>
            <attribute-definition attribute-id="jpmcOPaymentRemainedAmount">
                <display-name xml:lang="x-default">JPMC Orbital Payment Remained Amount</display-name>
                <description xml:lang="x-default">JPMC Orbital Payment Remained Amount</description>
                <type>double</type>
                <mandatory-flag>false</mandatory-flag>
                <externally-managed-flag>false</externally-managed-flag>
            </attribute-definition>
            <attribute-definition attribute-id="jpmcOPaymentRemainedCapturedAmount">
                <display-name xml:lang="x-default">JPMC Orbital Payment Remained Captured Amount</display-name>
                <description xml:lang="x-default">JPMC Orbital Payment Remained Captured Amount</description>
                <type>double</type>
                <mandatory-flag>false</mandatory-flag>
                <externally-managed-flag>false</externally-managed-flag>
            </attribute-definition>
            <attribute-definition attribute-id="jpmcOPaymentReversedAmount">
                <display-name xml:lang="x-default">JPMC Orbital Payment Reversed Amount</display-name>
                <description xml:lang="x-default">JPMC Orbital Payment Reversed Amount</description>
                <type>double</type>
                <mandatory-flag>false</mandatory-flag>
                <externally-managed-flag>false</externally-managed-flag>
            </attribute-definition>
            <attribute-definition attribute-id="jpmcOPaymentSavedProfile">
                <display-name xml:lang="x-default">JPMC Orbital Payment Saved Profile</display-name>
                <description xml:lang="x-default">JPMC Orbital Payment Saved Profile</description>
                <type>boolean</type>
                <mandatory-flag>false</mandatory-flag>
                <externally-managed-flag>false</externally-managed-flag>
            </attribute-definition>
            <attribute-definition attribute-id="jpmcOPaymentStatus">
                <display-name xml:lang="x-default">JPMC Orbital Payment Status</display-name>
                <description xml:lang="x-default">JPMC Orbital Payment Status</description>
                <type>string</type>
                <mandatory-flag>false</mandatory-flag>
                <externally-managed-flag>false</externally-managed-flag>
                <min-length>0</min-length>
            </attribute-definition>
            <attribute-definition attribute-id="jpmcpg__OrbitalResponseMessage">
                <display-name xml:lang="x-default">JPMC Orbital OMS Message</display-name>
                <description xml:lang="x-default">JPMC Orbital OMS Message</description>
                <type>text</type>
                <mandatory-flag>false</mandatory-flag>
                <externally-managed-flag>false</externally-managed-flag>
            </attribute-definition>
            <attribute-definition attribute-id="jpmcORetryTrace">
                <display-name xml:lang="x-default">JPMC Orbital Retry Trace</display-name>
                <description xml:lang="x-default">JPMC Orbital Retry Trace</description>
                <type>string</type>
                <mandatory-flag>false</mandatory-flag>
                <externally-managed-flag>false</externally-managed-flag>
                <min-length>0</min-length>
            </attribute-definition>
            <attribute-definition attribute-id="jpmcOUpdatedTransactionID">
                <display-name xml:lang="x-default">JPMC Orbital Updated Transaction ID</display-name>
                <description xml:lang="x-default">JPMC Orbital Updated Transaction ID</description>
                <type>string</type>
                <mandatory-flag>false</mandatory-flag>
                <externally-managed-flag>false</externally-managed-flag>
                <min-length>0</min-length>
            </attribute-definition>
            <attribute-definition attribute-id="jpmcOAVSObject">
                <display-name xml:lang="x-default">JPMC Orbital AVS Response</display-name>
                <description xml:lang="x-default">JPMC Orbital AVS Response</description>
                <type>string</type>
                <mandatory-flag>false</mandatory-flag>
                <externally-managed-flag>false</externally-managed-flag>
                <min-length>0</min-length>
            </attribute-definition>
        </custom-attribute-definitions>
        <group-definitions>
            <attribute-group group-id="jpmcOPayment">
                <display-name xml:lang="x-default">JPMC Orbital Payment</display-name>
                <attribute attribute-id="jpmcpg__ecpCheckDDA"/>
                <attribute attribute-id="jpmcpg__ecpCheckRT"/>
                <attribute attribute-id="jpmcOPaymentStatus"/>
                <attribute attribute-id="jpmcOPaymentActiveProfile"/>
                <attribute attribute-id="jpmcOPaymentCapturedAmount"/>
                <attribute attribute-id="jpmcOPaymentRemainedAmount"/>
                <attribute attribute-id="jpmcOPaymentIncrementedAmount"/>
                <attribute attribute-id="jpmcOPaymentReversedAmount"/>
                <attribute attribute-id="jpmcOPaymentRefundedAmount"/>
                <attribute attribute-id="jpmcOPaymentRemainedCapturedAmount"/>
                <attribute attribute-id="jpmcOPaymentSavedProfile"/>
                <attribute attribute-id="jpmcORetryTrace"/>
                <attribute attribute-id="jpmcOUpdatedTransactionID"/>
                <attribute attribute-id="jpmcOAVSObject"/>
            </attribute-group>
        </group-definitions>
    </type-extension>
</metadata>
