<?xml version="1.0" encoding="UTF-8"?>
<library xmlns="http://www.demandware.com/xml/impex/library/2006-10-31">

    <content content-id="incremental-auth-disclaimer">
        <display-name xml:lang="x-default">Incremental Authorization Disclaimer</display-name>
        <online-flag>true</online-flag>
        <searchable-flag>false</searchable-flag>
        <page-attributes/>
        <custom-attributes>
            <custom-attribute attribute-id="body" xml:lang="x-default">&lt;h5&gt;Disclaimer*&lt;/h5&gt;&#13;
&#13;
&lt;div class="font-italic"&gt;&#13;
&lt;p&gt;&lt;em&gt;&lt;span style="cursive;"&gt;In case the order amount total might need adjustment, payment credentials will be tokenized and stored.&lt;/span&gt;&lt;/em&gt;&lt;/p&gt;&#13;
&lt;/div&gt;</custom-attribute>
        </custom-attributes>
        <sitemap-included-flag>true</sitemap-included-flag>
        <sitemap-changefrequency>always</sitemap-changefrequency>
    </content>

</library>
