<?xml version="1.0" encoding="UTF-8"?>
<services xmlns="http://www.demandware.com/xml/impex/services/2014-09-26">
    <service-credential service-credential-id="Orbital 1">
        <url>https://orbitalvar1.chasepaymentech.com/</url>
    </service-credential>

    <service-credential service-credential-id="Orbital 2">
        <url>https://orbitalvar2.chasepaymentech.com/</url>
    </service-credential>

    <service-profile service-profile-id="JPMC.OrbitalAPI.gateway.profile">
        <timeout-millis>3000</timeout-millis>
        <rate-limit-enabled>false</rate-limit-enabled>
        <rate-limit-calls>0</rate-limit-calls>
        <rate-limit-millis>0</rate-limit-millis>
        <cb-enabled>true</cb-enabled>
        <cb-calls>0</cb-calls>
        <cb-millis>0</cb-millis>
    </service-profile>

    <service service-id="JPMC.OrbitalAPI.payment.http.service">
        <service-type>HTTP</service-type>
        <enabled>true</enabled>
        <log-prefix>jpmc</log-prefix>
        <comm-log-enabled>true</comm-log-enabled>
        <force-prd-enabled>true</force-prd-enabled>
        <mock-mode-enabled>false</mock-mode-enabled>
        <profile-id>JPMC.OrbitalAPI.gateway.profile</profile-id>
        <credential-id>Orbital 1</credential-id>
    </service>

    <service service-id="JPMC.OrbitalAPI2.payment.http.service">
        <service-type>HTTP</service-type>
        <enabled>true</enabled>
        <log-prefix>jpmc2</log-prefix>
        <comm-log-enabled>true</comm-log-enabled>
        <force-prd-enabled>true</force-prd-enabled>
        <mock-mode-enabled>false</mock-mode-enabled>
        <profile-id>JPMC.OrbitalAPI.gateway.profile</profile-id>
        <credential-id>Orbital 2</credential-id>
    </service>

</services>
